{"cameraMode":{"drawMode":0,"name":"Shaded","section":"Shading Mode"},"sceneLighting":false,"audioPlay":false,"sceneViewState":{"m_AlwaysRefresh":false,"showFog":true,"showSkybox":false,"showFlares":true,"showImageEffects":true,"showParticleSystems":true,"showVisualEffectGraphs":true,"m_FxEnabled":true},"in2DMode":false,"pivot":{"x":2.980232238769531e-7,"y":0.013859400525689125,"z":1.1920928955078126e-7},"rotation":{"x":-0.04047831520438194,"y":0.9456945061683655,"z":-0.1296151578426361,"w":-0.2953368127346039},"size":1.427450180053711,"orthographic":false}