{"cameraMode":{"drawMode":0,"name":"Shaded","section":"Shading Mode"},"sceneLighting":false,"audioPlay":false,"sceneViewState":{"m_AlwaysRefresh":false,"showFog":true,"showSkybox":false,"showFlares":true,"showImageEffects":true,"showParticleSystems":true,"showVisualEffectGraphs":true,"m_FxEnabled":true},"in2DMode":false,"pivot":{"x":-0.0000050514936447143558,"y":0.11553439497947693,"z":0.0000021010637283325197},"rotation":{"x":-0.04047831520438194,"y":0.9456945061683655,"z":-0.1296151578426361,"w":-0.2953368127346039},"size":0.224962055683136,"orthographic":false}