{"cameraMode":{"drawMode":0,"name":"Shaded","section":"Shading Mode"},"sceneLighting":true,"audioPlay":false,"sceneViewState":{"m_AlwaysRefresh":false,"showFog":true,"showSkybox":true,"showFlares":true,"showImageEffects":true,"showParticleSystems":true,"showVisualEffectGraphs":true,"m_FxEnabled":true},"in2DMode":false,"pivot":{"x":-36.142494201660159,"y":1.6701844930648804,"z":37.02667236328125},"rotation":{"x":-0.003884517587721348,"y":0.8567900657653809,"z":-0.5156968832015991,"w":-0.006414270028471947},"size":28.761333465576173,"orthographic":false}