{"cameraMode":{"drawMode":0,"name":"Shaded","section":"Shading Mode"},"sceneLighting":true,"audioPlay":false,"sceneViewState":{"m_AlwaysRefresh":false,"showFog":true,"showSkybox":true,"showFlares":true,"showImageEffects":true,"showParticleSystems":true,"showVisualEffectGraphs":true,"m_FxEnabled":true},"in2DMode":false,"pivot":{"x":-12.552214622497559,"y":-17.445537567138673,"z":-6.659055709838867},"rotation":{"x":0.011989946477115155,"y":0.9591548442840576,"z":-0.27977222204208376,"w":0.04118024930357933},"size":1.423559546470642,"orthographic":false}