{"cameraMode":{"drawMode":0,"name":"Shaded","section":"Shading Mode"},"sceneLighting":false,"audioPlay":false,"sceneViewState":{"m_AlwaysRefresh":false,"showFog":true,"showSkybox":false,"showFlares":true,"showImageEffects":true,"showParticleSystems":true,"showVisualEffectGraphs":true,"m_FxEnabled":true},"in2DMode":false,"pivot":{"x":1.1920928955078126e-7,"y":0.9236569404602051,"z":-2.9802322387695315e-8},"rotation":{"x":-0.04047831520438194,"y":0.9456945061683655,"z":-0.1296151578426361,"w":-0.2953368127346039},"size":1.0561695098876954,"orthographic":false}