{"cameraMode":{"drawMode":0,"name":"Shaded","section":"Shading Mode"},"sceneLighting":false,"audioPlay":false,"sceneViewState":{"m_AlwaysRefresh":false,"showFog":true,"showSkybox":false,"showFlares":true,"showImageEffects":true,"showParticleSystems":true,"showVisualEffectGraphs":true,"m_FxEnabled":true},"in2DMode":false,"pivot":{"x":-1.4901161193847657e-8,"y":0.39864009618759158,"z":-5.960464477539063e-8},"rotation":{"x":-0.04047831520438194,"y":0.9456945061683655,"z":-0.1296151578426361,"w":-0.2953368127346039},"size":0.6460916996002197,"orthographic":false}